 '3145728', '524288', '0x9913403F999A3238DD497AA148C1C7D8817D7E8BA8A1739D9D2CF5CF3464D52B', '0xC4C6A7CB16C049296D348BE8927F53BDDBEF8603A63D5D08C3F36DA0FF6B7871', '0x0000000000000000000000000000000000000000000000000000000000000000'
 '3145734', '524289', '0x9913403F999A3238DD497AA148C1C7D8817D7E8BA8A1739D9D2CF5CF3464D52B', '0xC4C6A7CB16C049296D348BE8927F53BDDBEF8603A63D5D08C3F36DA0FF6B7871', '0x0000000000000000000000000000000000000000000000000000000000000000'
 '3145740', '524290', '0xF57E8DFCAC4254AA53479CBD2B6FDABF6F86B340C77BE87DE2F0716EA4D51CC7', '0x113E4199258AF454AB642D22FB6960D6822054ED1970E1DC9BD71099FAB11A94', '0x9913403F999A3238DD497AA148C1C7D8817D7E8BA8A1739D9D2CF5CF3464D52B'
 '3145746', '524291', '0x9CFC52E3A8FC5E102FA1A070EB603DE9D9E3D180FC0A21F7D5E41D32EB8866E8', '0x681C1D391F2FB4134240224E0A67FEFB149E47B62BE945ECBEF274C5F37D4DC1', '0xF57E8DFCAC4254AA53479CBD2B6FDABF6F86B340C77BE87DE2F0716EA4D51CC7'
 '3145752', '524292', '0x30C64C4BB87D396690E1C14668AD357851293FEF67DB6785731C787CDA8B97AE', '0xB8878CE24050A37730015E64572A94E31BB7389F658855AE14B43628F6437337', '0x9CFC52E3A8FC5E102FA1A070EB603DE9D9E3D180FC0A21F7D5E41D32EB8866E8'
 '3145758', '524293', '0x30C64C4BB87D396690E1C14668AD357851293FEF67DB6785731C787CDA8B97AE', '0xB8878CE24050A37730015E64572A94E31BB7389F658855AE14B43628F6437337', '0x9CFC52E3A8FC5E102FA1A070EB603DE9D9E3D180FC0A21F7D5E41D32EB8866E8'
 '3145764', '524294', '0x5269550E438E01F28AE600CCF1781E9802902363E021EAB037B12A5CA367A45D', '0x5D473C8A2B3928F751340CC15E80968F48CAD179D8071D04FA0940764FF51C5B', '0x30C64C4BB87D396690E1C14668AD357851293FEF67DB6785731C787CDA8B97AE'
 '3145770', '524295', '0xBC284EDEB3DDC364B50CA4FC43C1849150DA23E3E4EB688CCE758274CD05F201', '0xEF2D0C69B69A5A7EB651D9DF0DD5A66DF5027E0BFE27C602438595D053DAAC71', '0x5269550E438E01F28AE600CCF1781E9802902363E021EAB037B12A5CA367A45D'
 '3145776', '524296', '0xADD1FCC3D5BD12C91B9629BA1C58E4A52FA22A4CF33B76D87D6CD272211EA6BE', '0xA19E181FD87FFA249A4067992DA4CD66F28AA7EFDE88C7D92A64AF872B6CE3A0', '0xBC284EDEB3DDC364B50CA4FC43C1849150DA23E3E4EB688CCE758274CD05F201'
 '3145782', '524297', '0x0777DE2890CCCF0CA00D89A0007150BEE64A04785BFBF89B110B35D17EFB798A', '0x5EE6F9E53294B7CDA2DF4BD8CF57B8FC2F421AE46652AC5E17E7564115CA19D8', '0xADD1FCC3D5BD12C91B9629BA1C58E4A52FA22A4CF33B76D87D6CD272211EA6BE'
 '3145788', '524298', '0x21634346EBF041ACB82B787D259BA4562B8A039AAA7BF50C63431211B7AB3F51', '0x99FD1153CDE69CB3F94F76254801A8F4C9572688AB0E37DC49FD72F94DB35843', '0x0777DE2890CCCF0CA00D89A0007150BEE64A04785BFBF89B110B35D17EFB798A'
 '3145794', '524299', '0x21634346EBF041ACB82B787D259BA4562B8A039AAA7BF50C63431211B7AB3F51', '0x99FD1153CDE69CB3F94F76254801A8F4C9572688AB0E37DC49FD72F94DB35843', '0x0777DE2890CCCF0CA00D89A0007150BEE64A04785BFBF89B110B35D17EFB798A'
 '3145800', '524300', '0xB26DB433666897CB9533944F7C21D21666653319FCD3885856DB7EDA104299EE', '0xF496626DC27237B274AD504C3B730E66165C5249238E9E16514202C22EAEA94C', '0x21634346EBF041ACB82B787D259BA4562B8A039AAA7BF50C63431211B7AB3F51'
 '3145806', '524301', '0xF455D222E3F3626979CAB9D43983DCF96487B83B3FD5FF2AA97D534FE565F75E', '0x352500CFE7D9FB1DA96950B8D9BA6C9D51D3CD234F9A64DB41318FEE63171F3C', '0xB26DB433666897CB9533944F7C21D21666653319FCD3885856DB7EDA104299EE'
 '3145812', '524302', '0xB627D5AEB4ACDAA8E4D1F6754A6EF7E24EF8BE23600CC84C022DBBB234429879', '0x6D64696D7FAC553A9C4A805ABD480D72B7B2B406B07F1C0169106BBBAB0AB51B', '0xF455D222E3F3626979CAB9D43983DCF96487B83B3FD5FF2AA97D534FE565F75E'
 '3145818', '524303', '0x5C5667C9AF57B2A8D38DC957C2D63C40BD3A1A765CD7A10A14EC1143E0A232F7', '0xC73A0CBC95D7F2A760D39FC2B814CD32C6C7F46F090588675C01FA9364343AB4', '0xB627D5AEB4ACDAA8E4D1F6754A6EF7E24EF8BE23600CC84C022DBBB234429879'
 '3145824', '524304', '0x7125502CA3D356C3CB8661C705CBBBAE5A95474B17B49FC8A6282B24A147AD65', '0x4823AF9B68043799765EA8C3E0F0CF31E3078BD2AF7EB7EF821078AF29BBC2C0', '0x5C5667C9AF57B2A8D38DC957C2D63C40BD3A1A765CD7A10A14EC1143E0A232F7'
 '3145830', '524305', '0x7125502CA3D356C3CB8661C705CBBBAE5A95474B17B49FC8A6282B24A147AD65', '0x4823AF9B68043799765EA8C3E0F0CF31E3078BD2AF7EB7EF821078AF29BBC2C0', '0x5C5667C9AF57B2A8D38DC957C2D63C40BD3A1A765CD7A10A14EC1143E0A232F7'
 '3145836', '524306', '0x68BA03CE7682A33ED13EBBFB07AC89189B91DD4C77C348AE1BEECB875EDDD3FF', '0x81BE00F5072469EC4A8A8E2D608CD65472A05C7EABC14562AFEE1AB02EAFE25F', '0x7125502CA3D356C3CB8661C705CBBBAE5A95474B17B49FC8A6282B24A147AD65'
 '3145842', '524307', '0x0777F061620C9CAB515E39CC19D6B6B4A4F321F19AC4EEC8D79EF45E5B8ED7CC', '0x7FA0F27C5398DDDBF285B21E7408F67BFA53C89EF70CE08A62AFFA3D5F10BC36', '0x68BA03CE7682A33ED13EBBFB07AC89189B91DD4C77C348AE1BEECB875EDDD3FF'
 '3145848', '524308', '0x2F4FC563BE6BB281AEB059E57D4D8618309312053C356B001445CDFD31D0E748', '0x01A4D2A58404439A2EDC505CA14FC05C60EBA4D7A670ED6DEFF9DAE1BC97ABF5', '0x0777F061620C9CAB515E39CC19D6B6B4A4F321F19AC4EEC8D79EF45E5B8ED7CC'
 '3145854', '524309', '0xC2FC83EF878B26F458BB49CDABA6DD2A550BD64F6DDD717F924C8213EAD52429', '0x3E4B8751D5100A8494FF921230FCB217EAA941D506166321A8843B7FCE1B7E37', '0x2F4FC563BE6BB281AEB059E57D4D8618309312053C356B001445CDFD31D0E748'
 '3145860', '524310', '0xB622EBE7A199F564FE981B402E493983AC97FF6C237F5A63CD40D5F5092FB673', '0xC0BEE24F4EC13B937E622895B04ACA00CC7E7467D1C8165077F50D324692FE9E', '0xC2FC83EF878B26F458BB49CDABA6DD2A550BD64F6DDD717F924C8213EAD52429'
 '3145866', '524311', '0xB622EBE7A199F564FE981B402E493983AC97FF6C237F5A63CD40D5F5092FB673', '0xC0BEE24F4EC13B937E622895B04ACA00CC7E7467D1C8165077F50D324692FE9E', '0xC2FC83EF878B26F458BB49CDABA6DD2A550BD64F6DDD717F924C8213EAD52429'
 '3145872', '524312', '0x94D9735BED9A323C6F2261FA83227C3C8E5C7564D26C46A7C4A06CD60D5074DD', '0x022C35B1D2F11AA18BAF52929822E259A852643B8F764E44EACD0B2BAF6CA7CA', '0xB622EBE7A199F564FE981B402E493983AC97FF6C237F5A63CD40D5F5092FB673'
 '3145878', '524313', '0x38931AA0FA4F606108499842E4271B41D4300EF25234A9A02EE6320B74C810F1', '0x341F1152642741507CB9A63E39CEA89DEB71A6F40ACC8A457BDD5BC59EA38EC0', '0x94D9735BED9A323C6F2261FA83227C3C8E5C7564D26C46A7C4A06CD60D5074DD'
 '3145884', '524314', '0xE3C3786F3CFC4D37B0E0F042446B3151922BB1FFC4EB1C7D85C6A3E4292BADB6', '0x10665DEAF0026B2FE6FF48B7ED0322EBE8D67A3BA4A8E6C5E01FFA5B5AE3240A', '0x38931AA0FA4F606108499842E4271B41D4300EF25234A9A02EE6320B74C810F1'
 '3145890', '524315', '0x39E2B1BE6748991CBEB2C1A21D31DAC44DBFFBCF23F1DAE24DD394EE5D26C24B', '0x80E6FD0ADC166DBB1F53347FD965443652FA1DB9C53FAF8208FA02301FB56887', '0xE3C3786F3CFC4D37B0E0F042446B3151922BB1FFC4EB1C7D85C6A3E4292BADB6'
 '3145896', '524316', '0xE6D37D1F1E90D15FCBA33E5BE001721D6E9D48AC4382877E962E76281006F02A', '0x58E066FCA4EA3B472A02756A1FEDA58AC068D57C3836BDBC1C444964DE02425E', '0x39E2B1BE6748991CBEB2C1A21D31DAC44DBFFBCF23F1DAE24DD394EE5D26C24B'
 '3145902', '524317', '0xE6D37D1F1E90D15FCBA33E5BE001721D6E9D48AC4382877E962E76281006F02A', '0x58E066FCA4EA3B472A02756A1FEDA58AC068D57C3836BDBC1C444964DE02425E', '0x39E2B1BE6748991CBEB2C1A21D31DAC44DBFFBCF23F1DAE24DD394EE5D26C24B'
 '3145908', '524318', '0xF2DB7F7926E4250E0A8314922B27DA43218D9B83EDD033D3EDC89C20DE9C1A1F', '0x2F0F446F54518FEDC0DB4CAEB35B2F9554029B50E1793811FE48E50F6D88BC37', '0xE6D37D1F1E90D15FCBA33E5BE001721D6E9D48AC4382877E962E76281006F02A'
 '3145914', '524319', '0x894A75079061ECBF748B0B7FD7BD682F34E9DBCC8CD1EC3E3F42230BAF89867C', '0x04E16562214EED3248A4F8957EA39C6499C0C182D2098F48639467ED7101C98E', '0xF2DB7F7926E4250E0A8314922B27DA43218D9B83EDD033D3EDC89C20DE9C1A1F'
 '3145920', '524320', '0xCA0DA46F438A760F3EF211676CE1837B170F8435D7DF8615A28B13E5E3872027', '0x0287882A9C55BBC84799E7975EB0211DE3ACAB4E099E558C89AF71DB7F187801', '0x894A75079061ECBF748B0B7FD7BD682F34E9DBCC8CD1EC3E3F42230BAF89867C'
 '3145926', '524321', '0x926BA18A1E57C8C87C8C58CC9554C8AF39F84D34FB9246F0C0A2B945F6220809', '0xE401867A58D34973EA1FBC70D508895689BB7A8EC9F84AD7F8ACA38C74CB1C6B', '0xCA0DA46F438A760F3EF211676CE1837B170F8435D7DF8615A28B13E5E3872027'
 '3145932', '524322', '0xDC40661FF06F7CF39EE816E0AEF348FABCA8C40B987C85B71DE8F94979C8775A', '0xA6665264CD8D01B9E7AE66B99D80BC4E149054AAF4950967263CE09C5C6BBA7A', '0x926BA18A1E57C8C87C8C58CC9554C8AF39F84D34FB9246F0C0A2B945F6220809'
 '3145938', '524323', '0x5C056C88889E4CB7032423D3DDDF5447DF84BD6B9936D5AFC461D9FC9E0FAAAB', '0x740DAD69FC4B73EF85D307D6A6BC5CC39ABE0653CEEF3418D056292275187023', '0xDC40661FF06F7CF39EE816E0AEF348FABCA8C40B987C85B71DE8F94979C8775A'
 '3145944', '524324', '0xA17CE127343723A0B606C829BC642FC7A3DB303241CDDC0794BEA4C5758CA1B7', '0x7F9228F3A06D8A5A6D1EC3B2B3E5CF6A6035697C110F656C877A077773AAEA8D', '0x5C056C88889E4CB7032423D3DDDF5447DF84BD6B9936D5AFC461D9FC9E0FAAAB'
 '3145950', '524325', '0x2539F5A0A4323896A874A6FBA0A1A4A005570DBC46D787B1E0285EE8B43FD726', '0x13D504BD2749548D6BBE844E033936B31CBFE0920963669A1ED4BA89043AD3A8', '0xA17CE127343723A0B606C829BC642FC7A3DB303241CDDC0794BEA4C5758CA1B7'
 '3145956', '524326', '0x9DAB4369DEDC7329495D70D2054DDD0327B8DA16487A756372E163EA06A2B3AF', '0xC36C112E6AB871D17BA43E4E0853DC52977E7851AC99BB52E3BC2AE0AA797447', '0x2539F5A0A4323896A874A6FBA0A1A4A005570DBC46D787B1E0285EE8B43FD726'
 '3145962', '524327', '0x9DAB4369DEDC7329495D70D2054DDD0327B8DA16487A756372E163EA06A2B3AF', '0xC36C112E6AB871D17BA43E4E0853DC52977E7851AC99BB52E3BC2AE0AA797447', '0x2539F5A0A4323896A874A6FBA0A1A4A005570DBC46D787B1E0285EE8B43FD726'
 '3145968', '524328', '0xA482A540A0D88F6FE65D4D0C720BDE371B9F4C114B97D259FEC8A600F9A9DA4F', '0x7F9899B38FEFD483D0A7847C32B9B2C2AEA3A69B75F20E7A2536A10FDB010E96', '0x9DAB4369DEDC7329495D70D2054DDD0327B8DA16487A756372E163EA06A2B3AF'
 '3145974', '524329', '0x83699FC96F3332543D6E58E090D23D6D7F382B484695339D987330533AB34D40', '0x0E38BED6FC9155D9B5E1B2B89DCE59E497E24592580CC6553ED27FF05F4ED1AF', '0xA482A540A0D88F6FE65D4D0C720BDE371B9F4C114B97D259FEC8A600F9A9DA4F'
 '3145980', '524330', '0x6D9702A3CBADDDF7C2791588C1E9E8CC3A31A02A553AD2E883051F24E9DA9CCA', '0xB60BD9499DA6399D4E1A44372D12DEBD97F083E4C679CFB01B90A6AF13A523DC', '0x83699FC96F3332543D6E58E090D23D6D7F382B484695339D987330533AB34D40'
 '3145986', '524331', '0x7A83D9A8123243AC4C95BE9EBF6CAB5227B97833D18C049A34AD8822C14A1A71', '0x028854FCBD6963FD69590440E20AA804D7EA80396FA88CAC449B032538F157E3', '0xF8C26F5431DD2F1BCD4AE81A3642400F10A84946684127C8AAD9D600987E5F24'
 '3145992', '524332', '0x84ACD6D73DA33810AA0D1A3D7634B1E96A36346798E60E9E9A2B379E93921EF5', '0x1D0C5A30F1DF45A4A702E27D0A06D5A49099238C99CAA32B1121174338497A03', '0x7A83D9A8123243AC4C95BE9EBF6CAB5227B97833D18C049A34AD8822C14A1A71'
 '3145998', '524333', '0xA990E67A48F9ACF6CD7002D4C94647C1616D69D6BEC7518A850F87038D4B8E60', '0xB97899A11456065207996EDB61F91CBB758F91A485F64C280BAC1B249EAD989E', '0x84ACD6D73DA33810AA0D1A3D7634B1E96A36346798E60E9E9A2B379E93921EF5'
 '3146004', '524334', '0xFC1FDFC83030815422C88CC8A3B69107EE1FDF798359E8B3F2B2BE293B8D64F6', '0x7A50E0DE457343F9129AC044C31AFD96733A69AE396BC5A4ACAA7629C6F57B1E', '0xA990E67A48F9ACF6CD7002D4C94647C1616D69D6BEC7518A850F87038D4B8E60'
 '3146010', '524335', '0x626708726A756E60C3CC486063EC438C61351FF694182B65F596D93CEAC5157D', '0x1CD2EE9D0F6B6E3F05CE910DED9080B3F8528EE87858F5D19C117D98B881CC46', '0xFC1FDFC83030815422C88CC8A3B69107EE1FDF798359E8B3F2B2BE293B8D64F6'
 '3146016', '524336', '0xBA0994365B1C21CAB1FED896BE15D95F467441DA7B6892E77072A31A92A8EA96', '0xBE821D6E87D9F828AD19077DDEC87260AD223FF3238FF918F61EECF788F7C799', '0x626708726A756E60C3CC486063EC438C61351FF694182B65F596D93CEAC5157D'
 '3146022', '524337', '0xC1CE6D90210B584E5C783EA28D0814685453008926511B5EFC066291B6C7CB57', '0x5A954CD4004E090FFECC94875DA5B8F053A1B2ADB589C06EE0B5B9BC24C8129C', '0xBA0994365B1C21CAB1FED896BE15D95F467441DA7B6892E77072A31A92A8EA96'
 '3146028', '524338', '0x2C48E8307C1F8609B6D322059B732FE9384C81F06FD06A42EC766F7572DBED4F', '0xB7FCCAED7122BB186138CBF1E6462DD86093BE743883981259383C75E1173240', '0xC1CE6D90210B584E5C783EA28D0814685453008926511B5EFC066291B6C7CB57'
 '3146034', '524339', '0x005CCFFECEE2D1A2676F64DAC6775FD8A9D09485E51ADD2693DFA1934D45E134', '0x537A11CBF7C4DDDA7819BC4A973E41D31D91CAA3BD16119ACAFA5EB6A6C38AE5', '0x2C48E8307C1F8609B6D322059B732FE9384C81F06FD06A42EC766F7572DBED4F'
 '3146040', '524340', '0x005CCFFECEE2D1A2676F64DAC6775FD8A9D09485E51ADD2693DFA1934D45E134', '0x537A11CBF7C4DDDA7819BC4A973E41D31D91CAA3BD16119ACAFA5EB6A6C38AE5', '0x2C48E8307C1F8609B6D322059B732FE9384C81F06FD06A42EC766F7572DBED4F'
 '3146046', '524341', '0xCA169EC2703B7415126812247412BA8353F42CF78F1B18DF05054C7C604069EE', '0x92C93E16DADAD387B19978CA2B098D60B2073CD416168D99A5581AAD82335B3C', '0x005CCFFECEE2D1A2676F64DAC6775FD8A9D09485E51ADD2693DFA1934D45E134'
 '3146052', '524342', '0x57CBD500DD18A5D79E531835672D29EDE4B5910046B4227FF2EB00DEA36722AA', '0xBE82915DB0F268A426A872875ABB3CF68481484528FF025150CDA11E3E1C5820', '0xCA169EC2703B7415126812247412BA8353F42CF78F1B18DF05054C7C604069EE'
 '3146058', '524343', '0xF1D820E1F035CD079F7345108884D84ABBB5B483CFFF6C4F037388F90CF42215', '0x59F4CA47E46B7C792726679EE0FCE5BABC718EDCEB2435F2BA48DE205D3E1064', '0xB864B477829008F8700A018D75859CABA838BCE989AE6CF9D882B5C2224E55B4'
 '3146064', '524344', '0x1C403619C4289D6C188E10819690BF90E36EF80EDFD26D7BAC26264EEAD92B8C', '0xDFA92622BC709E085AC95342BB3F0DEB30BC3E37F46C19063D84748AB51D13FB', '0xF1D820E1F035CD079F7345108884D84ABBB5B483CFFF6C4F037388F90CF42215'
 '3146070', '524345', '0xC2FE306CE15DD909E0A8283337270115D9532ABA096B7497867AB39E7C64C83E', '0x69CC268D8C18B3F928F446601EC93ACB78F1B7E7D502C962E02155C21C83F2D3', '0x1C403619C4289D6C188E10819690BF90E36EF80EDFD26D7BAC26264EEAD92B8C'
 '3146076', '524346', '0x66FCECDD3F29575DB067EF79F8AC962F5FB027E11DB38EEC0E6931792E57A105', '0xB9CC6FC9C329214785F94EA7341BA896D3EB46BD584E94D6C80AC48B301B9E43', '0xC2FE306CE15DD909E0A8283337270115D9532ABA096B7497867AB39E7C64C83E'
 '3146082', '524347', '0x3151B527EE313EA16226E214A7DBF5ACFFC77C0E18B333F7AF133A3C624755DB', '0xEF9C615F766F386EFD551FF36314583D5FEE68EFC1CD3C1C697C51E68F202451', '0x66FCECDD3F29575DB067EF79F8AC962F5FB027E11DB38EEC0E6931792E57A105'
 '3146088', '524348', '0x597D2362B95A324053E5583E4658A76DB312036FDA8F227774532B0FA538F859', '0x83A2C585FE06782CBAA48FC0C0D26E1917703F991A78D9E7040CBDC200DC458D', '0x3151B527EE313EA16226E214A7DBF5ACFFC77C0E18B333F7AF133A3C624755DB'
 '3146094', '524349', '0x9DB51CB578EF17BB37B2056B39358C375151C84D9C25813FA0CEECE738686EA5', '0x81DC288CC821A882316B36886FC2856015C558EEC78CF01A2EAE138322CB3F64', '0x597D2362B95A324053E5583E4658A76DB312036FDA8F227774532B0FA538F859'
 '3146100', '524350', '0x42A86AC38297ACF38ED83B2766211498D08DA94411C105F96C40CA271EA70CA7', '0xB980AD7DB2F0E537A1ABDEF581082073C8B7FCD505AD50464A550C392EB8DD98', '0x9DB51CB578EF17BB37B2056B39358C375151C84D9C25813FA0CEECE738686EA5'
 '3146106', '524351', '0x625BF067D29908DE7D6555078A61F2017CC336E6F0AB3D9510E97AAEB2612598', '0x1A22E7F610B05FBC0B69C7D022054484FAC0ABFE5ACBCEEF433D22AEFB962959', '0x42A86AC38297ACF38ED83B2766211498D08DA94411C105F96C40CA271EA70CA7'
